kernel_type,shape,param_name,param_value,run,verification_time_ns,processed_insns,max_states_per_insn,total_states,peak_states,unwind_bytes,memory_source
saterm,rt_fanin,FANIN_SLOTS,2,1,436000,77,2,7,7,600,vzalloc_sum
saterm,rt_fanin,FANIN_SLOTS,2,2,244000,77,2,7,7,600,vzalloc_sum
saterm,rt_fanin,FANIN_SLOTS,2,3,348000,77,2,7,7,600,vzalloc_sum
saterm,rt_fanin,FANIN_SLOTS,4,1,1250000,333,4,35,32,936,vzalloc_sum
saterm,rt_fanin,FANIN_SLOTS,4,2,1062000,333,4,35,32,936,vzalloc_sum
saterm,rt_fanin,FANIN_SLOTS,4,3,1798000,333,4,35,32,936,vzalloc_sum
saterm,rt_fanin,FANIN_SLOTS,6,1,9140000,1477,12,164,87,1272,vzalloc_sum
saterm,rt_fanin,FANIN_SLOTS,6,2,5104000,1477,12,164,87,1272,vzalloc_sum
saterm,rt_fanin,FANIN_SLOTS,6,3,5046000,1477,12,164,87,1272,vzalloc_sum
saterm,rt_fanin,FANIN_SLOTS,8,1,29884000,7434,13,824,151,1608,vzalloc_sum
saterm,rt_fanin,FANIN_SLOTS,8,2,29874000,7434,13,824,151,1608,vzalloc_sum
saterm,rt_fanin,FANIN_SLOTS,8,3,30270000,7434,13,824,151,1608,vzalloc_sum
saterm,rt_fanin,FANIN_SLOTS,10,1,177551000,39485,17,4363,207,3744,vzalloc_sum
saterm,rt_fanin,FANIN_SLOTS,10,2,178161000,39485,17,4363,207,3744,vzalloc_sum
saterm,rt_fanin,FANIN_SLOTS,10,3,178203000,39485,17,4363,207,3744,vzalloc_sum
saterm,rt_fanin,FANIN_SLOTS,12,1,1003029000,195403,20,21511,269,10824,vzalloc_sum
saterm,rt_fanin,FANIN_SLOTS,12,2,1003062000,195403,20,21511,269,10824,vzalloc_sum
saterm,rt_fanin,FANIN_SLOTS,12,3,1005080000,195403,20,21511,269,10824,vzalloc_sum
saterm,rt_ladder,LADDER_DEPTH,1,1,29725000,7501,15,821,144,1608,vzalloc_sum
saterm,rt_ladder,LADDER_DEPTH,1,2,29539000,7501,15,821,144,1608,vzalloc_sum
saterm,rt_ladder,LADDER_DEPTH,1,3,30194000,7501,15,821,144,1608,vzalloc_sum
saterm,rt_ladder,LADDER_DEPTH,2,1,30480000,7441,13,825,152,1692,vzalloc_sum
saterm,rt_ladder,LADDER_DEPTH,2,2,30120000,7441,13,825,152,1692,vzalloc_sum
saterm,rt_ladder,LADDER_DEPTH,2,3,30204000,7441,13,825,152,1692,vzalloc_sum
saterm,rt_ladder,LADDER_DEPTH,3,1,30824000,7710,13,856,152,1776,vzalloc_sum
saterm,rt_ladder,LADDER_DEPTH,3,2,31073000,7710,13,856,152,1776,vzalloc_sum
saterm,rt_ladder,LADDER_DEPTH,3,3,31364000,7710,13,856,152,1776,vzalloc_sum
saterm,rt_ladder,LADDER_DEPTH,4,1,31086000,7717,13,857,153,1860,vzalloc_sum
saterm,rt_ladder,LADDER_DEPTH,4,2,31213000,7717,13,857,153,1860,vzalloc_sum
saterm,rt_ladder,LADDER_DEPTH,4,3,30858000,7717,13,857,153,1860,vzalloc_sum
saterm,rt_ladder,LADDER_DEPTH,5,1,32839000,7462,13,827,154,1944,vzalloc_sum
saterm,rt_ladder,LADDER_DEPTH,5,2,30891000,7462,13,827,154,1944,vzalloc_sum
saterm,rt_ladder,LADDER_DEPTH,5,3,30201000,7462,13,827,154,1944,vzalloc_sum
saterm,rt_ladder,LADDER_DEPTH,6,1,30378000,7469,13,828,155,2028,vzalloc_sum
saterm,rt_ladder,LADDER_DEPTH,6,2,30426000,7469,13,828,155,2028,vzalloc_sum
saterm,rt_ladder,LADDER_DEPTH,6,3,30604000,7469,13,828,155,2028,vzalloc_sum
saterm,rt_ladder,LADDER_DEPTH,7,1,31779000,7738,13,859,155,2112,vzalloc_sum
saterm,rt_ladder,LADDER_DEPTH,7,2,31354000,7738,13,859,155,2112,vzalloc_sum
saterm,rt_ladder,LADDER_DEPTH,7,3,30883000,7738,13,859,155,2112,vzalloc_sum
saterm,rt_ladder,LADDER_DEPTH,8,1,31156000,7745,13,860,156,2196,vzalloc_sum
saterm,rt_ladder,LADDER_DEPTH,8,2,30893000,7745,13,860,156,2196,vzalloc_sum
saterm,rt_ladder,LADDER_DEPTH,8,3,31228000,7745,13,860,156,2196,vzalloc_sum
saterm,rt_many_pcs,THROW_PCS,8,1,936000,440,1,31,31,3804,vzalloc_sum
saterm,rt_many_pcs,THROW_PCS,8,2,1826000,440,1,31,31,3804,vzalloc_sum
saterm,rt_many_pcs,THROW_PCS,8,3,957000,440,1,31,31,3804,vzalloc_sum
saterm,rt_many_pcs,THROW_PCS,16,1,1852000,880,1,63,63,7452,vzalloc_sum
saterm,rt_many_pcs,THROW_PCS,16,2,2296000,880,1,63,63,7452,vzalloc_sum
saterm,rt_many_pcs,THROW_PCS,16,3,1820000,880,1,63,63,7452,vzalloc_sum
saterm,rt_many_pcs,THROW_PCS,24,1,2826000,1320,1,95,95,11100,vzalloc_sum
saterm,rt_many_pcs,THROW_PCS,24,2,2770000,1320,1,95,95,11100,vzalloc_sum
saterm,rt_many_pcs,THROW_PCS,24,3,2743000,1320,1,95,95,11100,vzalloc_sum
saterm,rt_many_pcs,THROW_PCS,32,1,3743000,1757,1,127,127,14724,vzalloc_sum
saterm,rt_many_pcs,THROW_PCS,32,2,3694000,1757,1,127,127,14724,vzalloc_sum
saterm,rt_many_pcs,THROW_PCS,32,3,4035000,1757,1,127,127,14724,vzalloc_sum
saterm,rt_many_pcs,THROW_PCS,40,1,5155000,2194,1,159,159,18384,vzalloc_sum
saterm,rt_many_pcs,THROW_PCS,40,2,7692000,2194,1,159,159,18384,vzalloc_sum
saterm,rt_many_pcs,THROW_PCS,40,3,5414000,2194,1,159,159,18384,vzalloc_sum
saterm,rt_many_pcs,THROW_PCS,48,1,6299000,2634,1,191,191,22032,vzalloc_sum
saterm,rt_many_pcs,THROW_PCS,48,2,6243000,2634,1,191,191,22032,vzalloc_sum
saterm,rt_many_pcs,THROW_PCS,48,3,6524000,2634,1,191,191,22032,vzalloc_sum
saterm,rt_many_pcs,THROW_PCS,56,1,7311000,3074,1,223,223,25680,vzalloc_sum
saterm,rt_many_pcs,THROW_PCS,56,2,10252000,3074,1,223,223,25680,vzalloc_sum
saterm,rt_many_pcs,THROW_PCS,56,3,9258000,3074,1,223,223,25680,vzalloc_sum
saterm,rt_many_pcs,THROW_PCS,64,1,8501000,3511,1,255,255,29304,vzalloc_sum
saterm,rt_many_pcs,THROW_PCS,64,2,8392000,3511,1,255,255,29304,vzalloc_sum
saterm,rt_many_pcs,THROW_PCS,64,3,8488000,3511,1,255,255,29304,vzalloc_sum
saterm,mem_big_single_desc,FRAME_BYTES,56,1,79000,11,0,0,0,276,vzalloc_sum
saterm,mem_big_single_desc,FRAME_BYTES,56,2,62000,11,0,0,0,276,vzalloc_sum
saterm,mem_big_single_desc,FRAME_BYTES,56,3,59000,11,0,0,0,276,vzalloc_sum
saterm,mem_big_single_desc,FRAME_BYTES,112,1,72000,11,0,0,0,276,vzalloc_sum
saterm,mem_big_single_desc,FRAME_BYTES,112,2,57000,11,0,0,0,276,vzalloc_sum
saterm,mem_big_single_desc,FRAME_BYTES,112,3,54000,11,0,0,0,276,vzalloc_sum
saterm,mem_big_single_desc,FRAME_BYTES,168,1,79000,11,0,0,0,276,vzalloc_sum
saterm,mem_big_single_desc,FRAME_BYTES,168,2,60000,11,0,0,0,276,vzalloc_sum
saterm,mem_big_single_desc,FRAME_BYTES,168,3,64000,11,0,0,0,276,vzalloc_sum
saterm,mem_big_single_desc,FRAME_BYTES,224,1,71000,11,0,0,0,276,vzalloc_sum
saterm,mem_big_single_desc,FRAME_BYTES,224,2,45000,11,0,0,0,276,vzalloc_sum
saterm,mem_big_single_desc,FRAME_BYTES,224,3,53000,11,0,0,0,276,vzalloc_sum
saterm,mem_big_single_desc,FRAME_BYTES,280,1,75000,11,0,0,0,276,vzalloc_sum
saterm,mem_big_single_desc,FRAME_BYTES,280,2,52000,11,0,0,0,276,vzalloc_sum
saterm,mem_big_single_desc,FRAME_BYTES,280,3,52000,11,0,0,0,276,vzalloc_sum
saterm,mem_big_single_desc,FRAME_BYTES,336,1,55000,11,0,0,0,276,vzalloc_sum
saterm,mem_big_single_desc,FRAME_BYTES,336,2,59000,11,0,0,0,276,vzalloc_sum
saterm,mem_big_single_desc,FRAME_BYTES,336,3,135000,11,0,0,0,276,vzalloc_sum
saterm,mem_big_single_desc,FRAME_BYTES,392,1,47000,11,0,0,0,276,vzalloc_sum
saterm,mem_big_single_desc,FRAME_BYTES,392,2,77000,11,0,0,0,276,vzalloc_sum
saterm,mem_big_single_desc,FRAME_BYTES,392,3,208000,11,0,0,0,276,vzalloc_sum
saterm,mem_big_single_desc,FRAME_BYTES,448,1,46000,11,0,0,0,276,vzalloc_sum
saterm,mem_big_single_desc,FRAME_BYTES,448,2,44000,11,0,0,0,276,vzalloc_sum
saterm,mem_big_single_desc,FRAME_BYTES,448,3,67000,11,0,0,0,276,vzalloc_sum
saterm,mem_big_single_desc,FRAME_BYTES,504,1,73000,11,0,0,0,276,vzalloc_sum
saterm,mem_big_single_desc,FRAME_BYTES,504,2,56000,11,0,0,0,276,vzalloc_sum
saterm,mem_big_single_desc,FRAME_BYTES,504,3,67000,11,0,0,0,276,vzalloc_sum
saterm,mem_deep_ladder,FRAME_DEPTH,1,1,122000,11,0,0,0,276,vzalloc_sum
saterm,mem_deep_ladder,FRAME_DEPTH,1,2,67000,11,0,0,0,276,vzalloc_sum
saterm,mem_deep_ladder,FRAME_DEPTH,1,3,143000,11,0,0,0,276,vzalloc_sum
saterm,mem_deep_ladder,FRAME_DEPTH,2,1,93000,18,0,1,1,360,vzalloc_sum
saterm,mem_deep_ladder,FRAME_DEPTH,2,2,90000,18,0,1,1,360,vzalloc_sum
saterm,mem_deep_ladder,FRAME_DEPTH,2,3,56000,18,0,1,1,360,vzalloc_sum
saterm,mem_deep_ladder,FRAME_DEPTH,3,1,76000,27,0,2,2,468,vzalloc_sum
saterm,mem_deep_ladder,FRAME_DEPTH,3,2,76000,27,0,2,2,468,vzalloc_sum
saterm,mem_deep_ladder,FRAME_DEPTH,3,3,114000,27,0,2,2,468,vzalloc_sum
saterm,mem_deep_ladder,FRAME_DEPTH,4,1,99000,36,0,3,3,576,vzalloc_sum
saterm,mem_deep_ladder,FRAME_DEPTH,4,2,85000,36,0,3,3,576,vzalloc_sum
saterm,mem_deep_ladder,FRAME_DEPTH,4,3,256000,36,0,3,3,576,vzalloc_sum
saterm,mem_deep_ladder,FRAME_DEPTH,5,1,106000,45,0,4,4,684,vzalloc_sum
saterm,mem_deep_ladder,FRAME_DEPTH,5,2,147000,45,0,4,4,684,vzalloc_sum
saterm,mem_deep_ladder,FRAME_DEPTH,5,3,284000,45,0,4,4,684,vzalloc_sum
saterm,mem_deep_ladder,FRAME_DEPTH,6,1,163000,54,0,5,5,792,vzalloc_sum
saterm,mem_deep_ladder,FRAME_DEPTH,6,2,148000,54,0,5,5,792,vzalloc_sum
saterm,mem_deep_ladder,FRAME_DEPTH,6,3,341000,54,0,5,5,792,vzalloc_sum
saterm,mem_deep_ladder,FRAME_DEPTH,7,1,181000,63,0,6,6,900,vzalloc_sum
saterm,mem_deep_ladder,FRAME_DEPTH,7,2,151000,63,0,6,6,900,vzalloc_sum
saterm,mem_deep_ladder,FRAME_DEPTH,7,3,131000,63,0,6,6,900,vzalloc_sum
saterm,mem_deep_ladder,FRAME_DEPTH,8,1,280000,67,0,7,7,948,vzalloc_sum
saterm,mem_deep_ladder,FRAME_DEPTH,8,2,194000,67,0,7,7,948,vzalloc_sum
saterm,mem_deep_ladder,FRAME_DEPTH,8,3,164000,67,0,7,7,948,vzalloc_sum
saterm,mem_many_big_descs,DESC_PCS,8,1,191000,68,0,6,6,648,vzalloc_sum
saterm,mem_many_big_descs,DESC_PCS,8,2,223000,68,0,6,6,648,vzalloc_sum
saterm,mem_many_big_descs,DESC_PCS,8,3,831000,68,0,6,6,648,vzalloc_sum
saterm,mem_many_big_descs,DESC_PCS,16,1,255000,128,0,13,13,1032,vzalloc_sum
saterm,mem_many_big_descs,DESC_PCS,16,2,353000,128,0,13,13,1032,vzalloc_sum
saterm,mem_many_big_descs,DESC_PCS,16,3,376000,128,0,13,13,1032,vzalloc_sum
saterm,mem_many_big_descs,DESC_PCS,24,1,389000,188,0,20,20,1416,vzalloc_sum
saterm,mem_many_big_descs,DESC_PCS,24,2,997000,188,0,20,20,1416,vzalloc_sum
saterm,mem_many_big_descs,DESC_PCS,24,3,502000,188,0,20,20,1416,vzalloc_sum
saterm,mem_many_big_descs,DESC_PCS,32,1,806000,247,0,26,26,1788,vzalloc_sum
saterm,mem_many_big_descs,DESC_PCS,32,2,670000,247,0,26,26,1788,vzalloc_sum
saterm,mem_many_big_descs,DESC_PCS,32,3,857000,247,0,26,26,1788,vzalloc_sum
saterm,mem_many_big_descs,DESC_PCS,40,1,611000,326,0,35,35,2172,vzalloc_sum
saterm,mem_many_big_descs,DESC_PCS,40,2,1599000,326,0,35,35,2172,vzalloc_sum
saterm,mem_many_big_descs,DESC_PCS,40,3,690000,326,0,35,35,2172,vzalloc_sum
saterm,mem_many_big_descs,DESC_PCS,48,1,760000,394,0,43,43,2556,vzalloc_sum
saterm,mem_many_big_descs,DESC_PCS,48,2,1272000,394,0,43,43,2556,vzalloc_sum
saterm,mem_many_big_descs,DESC_PCS,48,3,1002000,394,0,43,43,2556,vzalloc_sum
saterm,mem_many_big_descs,DESC_PCS,56,1,866000,462,0,51,51,2940,vzalloc_sum
saterm,mem_many_big_descs,DESC_PCS,56,2,888000,462,0,51,51,2940,vzalloc_sum
saterm,mem_many_big_descs,DESC_PCS,56,3,1403000,462,0,51,51,2940,vzalloc_sum
saterm,mem_many_big_descs,DESC_PCS,64,1,1053000,526,0,59,59,3312,vzalloc_sum
saterm,mem_many_big_descs,DESC_PCS,64,2,4803000,526,0,59,59,3312,vzalloc_sum
saterm,mem_many_big_descs,DESC_PCS,64,3,1834000,526,0,59,59,3312,vzalloc_sum
